window_id,horizon,ticker,published_at,entry_date,entry_price,exit_date,exit_price,exit_reason,return_pct,pnl,decision_score,actual_return_5d,actual_return_30d
2,30d,VIR,2024-03-07,2024-03-07,11.091079999999998,2024-03-19,9.860495348571428,stop_loss,-11.272896244877007,-56364.48122438503,0.9503230589363677,-5.55,-16.46
2,30d,AVIR,2024-03-05,2024-03-05,4.08,2024-04-17,3.6357999999999997,horizon_expiry,-11.0653023447141,-21819.38797647669,0.9939876636961084,0.0,-4.47
3,30d,PULM,2024-04-02,2024-04-02,1.8375000000000001,2024-05-14,1.70468,horizon_expiry,-7.4136573630451075,-176.55392317628275,0.26709616201067493,4.42,12.15
4,30d,ALT,2024-04-30,2024-04-30,6.356349999999999,2024-05-15,8.5724914275,take_profit,34.595539460539484,29036.647788016373,0.06918478076110773,4.1,-0.71
4,30d,PLSE,2024-04-25,2024-04-25,6.696689999999999,2024-05-21,9.0314909685,take_profit,34.595539460539484,52153.687675183464,0.10003189547899699,2.5,85.26
3,30d,AGIO,2024-04-16,2024-04-16,29.099069999999998,2024-05-28,39.2444607555,take_profit,34.59553946053949,172977.69730269746,0.08915446885044825,4.06,20.56
5,30d,RCKT,2024-05-22,2024-05-22,22.242219999999996,2024-05-29,20.46566242285714,stop_loss,-8.171162822569697,-8302.475042053979,0.054013152618716975,-3.59,3.5
4,30d,NKTR,2024-04-23,2024-04-23,1.4595,2024-06-05,1.349,horizon_expiry,-7.755759143220612,-2616.0832690184143,0.22834380656089553,5.8,20.29
4,30d,BYSI,2024-05-16,2024-05-16,2.8662,2024-06-05,2.3373000000000004,stop_loss,-18.615935038375884,-1826.65684628485,0.289318809894149,-0.19,4.67
5,30d,INMD,2024-05-29,2024-05-29,19.329309999999996,2024-06-06,18.27396060428571,stop_loss,-5.648731411069812,-6231.431438639876,0.2912264811339635,2.01,-3.34
4,30d,XNCR,2024-04-30,2024-04-30,20.79077,2024-06-12,21.99798,horizon_expiry,5.595069312045645,8449.640738077142,0.4178201749534401,1.59,-0.17
5,30d,VIR,2024-06-07,2024-06-07,11.771759999999999,2024-06-13,10.159461797142855,stop_loss,-13.868757329630057,-11327.69211155281,0.645966189546989,-6.51,-24.8
4,30d,AMLX,2024-05-16,2024-05-16,1.9215000000000002,2024-06-14,1.5523678571428574,stop_loss,-19.3720414747514,-18663.937863570012,0.34362962492679944,-1.64,-9.84
5,30d,LRMR,2024-06-06,2024-06-06,9.96996,2024-06-17,8.540582297142857,stop_loss,-14.508000065706739,-8772.736800703293,0.005108556941445519,-2.61,-14.6
5,30d,STRO,2024-06-11,2024-06-11,3.876,2024-06-17,3.2352879999999997,stop_loss,-16.697010110632394,-5927.130583703241,0.032999020500714016,-17.95,1.54
5,30d,CHRS,2024-06-04,2024-06-04,1.827,2024-06-20,1.5169464285714285,stop_loss,-17.136531659754723,-10232.601283024633,0.644918059200775,-3.87,-26.52
6,30d,UNCY,2024-06-24,2024-06-24,0.7171500000000001,2024-06-25,0.5605067857142858,stop_loss,-21.998620646094274,-821.3989067803914,0.07275616606294022,8.0,-18.4
5,30d,RAPT,2024-06-14,2024-06-14,3.519,2024-06-27,2.84816,stop_loss,-19.225081823547306,-6144.024007570963,0.38132400119399695,-6.65,7.85
5,30d,ZLAB,2024-06-14,2024-06-14,19.399379999999997,2024-06-27,17.102880000000003,stop_loss,-12.014155031818449,-6479.346530102564,0.09661032110886042,-5.16,-5.16
6,30d,EPRX,2024-06-25,2024-06-25,2.7846,2024-07-01,2.3539600000000003,stop_loss,-15.633958801379592,-451.6456836629427,0.2706825011012755,1.78,10.45
5,30d,PLRX,2024-06-12,2024-06-12,11.881869999999997,2024-07-05,10.295649758571425,stop_loss,-13.523047889069034,-11785.082008139914,0.13464571220740895,-6.43,6.52
5,30d,NVO,2024-05-22,2024-05-22,133.73359999999997,2024-07-08,142.92693,horizon_expiry,6.660825483118484,7347.928995430368,0.46502783634037365,-1.1,4.71
6,30d,MIST,2024-07-12,2024-07-12,1.6695000000000002,2024-07-12,1.4100578571428575,stop_loss,-15.708861411980385,-1946.3146903014149,0.2325750348510056,-2.21,-11.04
6,30d,NVO,2024-07-03,2024-07-03,141.48134,2024-07-17,135.6027443742857,stop_loss,-4.346530913482068,-5707.088593369132,0.21931671260066415,0.49,-10.45
6,30d,OGN,2024-06-17,2024-06-17,20.330309999999997,2024-07-31,21.83814,horizon_expiry,7.202041447707182,9456.435353465233,0.7152320001054173,3.78,3.98
6,30d,MDWD,2024-07-10,2024-07-10,21.051029999999997,2024-08-01,17.52858387,stop_loss,-16.89925992027185,-17521.436015796527,0.029858901836510132,1.54,-10.2
6,30d,KURA,2024-07-11,2024-07-11,20.930909999999997,2024-08-02,18.981,stop_loss,-9.497122083674665,-12469.925601001334,0.2503581034965588,3.75,-15.23
7,30d,ZLAB,2024-07-23,2024-07-23,19.46945,2024-08-02,17.80163055,stop_loss,-8.74902549073852,-14581.709151230869,0.6024708389299613,-1.52,-8.02
7,30d,SPRY,2024-07-30,2024-07-30,11.06105,2024-08-02,9.760651007142856,stop_loss,-11.932870686519045,-19888.11781086508,0.18568544101480033,-14.26,19.41
7,30d,KURA,2024-07-31,2024-07-31,20.920899999999996,2024-08-02,18.956224799999998,stop_loss,-9.572005865067803,-9563.014013114647,0.3374114697776912,-6.59,4.31
7,30d,RAPT,2024-07-22,2024-07-22,3.3558,2024-08-05,2.7243999999999997,stop_loss,-18.97739307000883,-3186.6835359332454,0.6881948174592236,6.89,-17.38
6,30d,SVRA,2024-07-03,2024-07-03,4.365600000000001,2024-08-15,4.4197999999999995,horizon_expiry,1.0392438787160934,1053.642554317994,0.03830314201714374,3.16,-6.09
8,30d,KPTI,2024-08-23,2024-08-23,0.8355899999999999,2024-09-03,0.6927033571428571,stop_loss,-17.26572428448604,-751.718216908042,0.3278423710735998,-4.75,-14.98
7,30d,TNDM,2024-07-26,2024-07-26,37.64760999999999,2024-09-09,42.19776,horizon_expiry,11.862210618971055,19770.351031618426,0.003353642888441366,-0.64,19.02
9,30d,VIR,2024-09-19,2024-09-19,8.028019999999998,2024-09-25,7.365846779999998,stop_loss,-8.431595793027624,-9586.733001816494,0.47933747725462056,-2.84,-1.42
9,30d,OGN,2024-09-19,2024-09-19,20.28026,2024-09-25,19.050333454285713,stop_loss,-6.252331824239672,-2130.818616812092,0.02508359400322055,0.87,-10.47
9,30d,MDXG,2024-09-19,2024-09-19,6.356349999999999,2024-09-26,5.800543649999999,stop_loss,-8.926441240683687,-10149.372779658544,0.39587887262133953,-3.26,-7.01
8,30d,OGN,2024-08-15,2024-08-15,20.290269999999996,2024-09-27,19.16082,horizon_expiry,-5.755139565138115,-6844.099534534762,0.5663217755943293,2.21,2.6
8,30d,ENTA,2024-08-19,2024-08-19,12.212199999999998,2024-09-27,10.317671999999998,stop_loss,-15.68220901451604,-18649.521562758193,0.27890832179926006,6.49,-8.81
9,30d,VTYX,2024-09-19,2024-09-19,2.4072,2024-10-01,2.1069999999999998,stop_loss,-12.645803847199655,-7796.113176492894,0.8481885036365562,6.96,3.91
8,30d,IVVD,2024-08-20,2024-08-20,0.9849,2024-10-02,0.9025,horizon_expiry,-8.549415859802705,-2975.312756542822,0.5504407680138408,46.92,38.95
8,30d,ANNX,2024-08-21,2024-08-21,5.99599,2024-10-03,6.20379,horizon_expiry,3.258924967933826,2480.050732369069,0.39917652294290806,5.34,21.21
9,30d,SRPT,2024-09-19,2024-09-19,126.53640999999999,2024-10-03,118.78726097571428,stop_loss,-6.311611186892656,-7176.3083460492635,0.22836941061593607,-1.35,0.08
8,30d,PVLA,2024-08-29,2024-08-29,17.19718,2024-10-11,16.533450000000002,horizon_expiry,-4.051616986819121,-1604.6575373960222,0.2732916618650849,-5.16,-9.89
8,30d,BYSI,2024-08-29,2024-08-29,2.016,2024-10-11,2.4402000000000004,horizon_expiry,20.799825174825216,859.1353939937953,0.15688085539764793,-5.39,12.25
9,30d,MIST,2024-09-19,2024-09-19,1.6380000000000001,2024-10-11,1.387,stop_loss,-15.49274900923251,-3320.242302258179,0.41826142286690576,-0.65,-5.16
8,30d,EOLS,2024-09-04,2024-09-04,15.605589999999998,2024-10-16,17.43255,horizon_expiry,11.48389602872904,13656.823883294273,0.05171718016863816,0.73,9.08
8,30d,AVTX,2024-09-05,2024-09-05,8.22822,2024-10-17,10.3896,horizon_expiry,26.015609189369755,7307.161811772468,0.5934321325857301,7.14,27.41
8,30d,KOD,2024-09-05,2024-09-05,2.499,2024-10-17,3.234,horizon_expiry,29.15319974143504,11351.168623270845,0.2431815972572939,5.63,15.15
9,30d,TYRA,2024-10-03,2024-10-03,22.242219999999996,2024-10-29,19.14786725142857,stop_loss,-14.084071759011737,-12376.971102449548,0.24265878013890851,-1.81,-25.5
9,30d,NGNE,2024-10-01,2024-10-01,41.72167999999999,2024-11-04,56.267943732,take_profit,34.5955394605395,25168.888628322908,0.13880469925407007,13.82,5.41
10,30d,VIR,2024-10-08,2024-10-08,7.417409999999999,2024-11-06,10.0034899965,take_profit,34.5955394605395,69191.078921079,0.12569265060204773,4.64,33.29
9,30d,INBS,2024-10-01,2024-10-01,1.848,2024-11-12,1.843,horizon_expiry,-0.46982238540680277,-250.89132059949043,0.03983334422567689,3.85,-12.82
11,30d,ALDX,2024-11-04,2024-11-04,5.345339999999999,2024-11-12,4.6435032,stop_loss,-13.30344802522061,-5749.224804286139,0.2960165676430877,4.17,-5.88
11,30d,ZLAB,2024-11-05,2024-11-05,31.641609999999996,2024-11-12,28.161991247142854,stop_loss,-11.174799473341105,-4839.206078131072,1.1531160149535835,2.61,-7.59
10,30d,INSP,2024-10-17,2024-10-17,196.87668,2024-11-13,181.7340497485714,stop_loss,-7.875861806452244,-15751.72361290449,0.0586299002172013,-2.11,-13.13
10,30d,INBX,2024-10-23,2024-10-23,15.675659999999999,2024-11-14,14.423650482857143,stop_loss,-8.170807478766992,-10775.26870423893,0.004182162301298836,4.1,-8.39
11,30d,PGEN,2024-11-08,2024-11-08,0.987,2024-11-14,0.8345071428571428,stop_loss,-15.619068296011395,-6930.893355928274,0.18842108133518864,-8.0,-20.0
11,30d,BTAI,2024-11-12,2024-11-12,0.7161000000000001,2024-11-14,0.5597671428571428,stop_loss,-21.987330402555735,-348.9696227447155,0.07814724699064748,-6.3,-33.78
11,30d,PMVP,2024-11-13,2024-11-13,1.764,2024-11-14,1.5509835714285714,stop_loss,-12.251434061565257,-4238.060708676658,0.5248188910359333,-2.5,-1.25
9,30d,RCKT,2024-10-04,2024-10-04,16.07606,2024-11-15,13.96602,horizon_expiry,-13.298931055645058,-11701.297586344139,0.6051505667414097,-0.83,0.3
11,30d,NVO,2024-11-12,2024-11-12,106.91680999999998,2024-11-15,101.52803747571427,stop_loss,-5.229884567277504,-4891.769499326489,0.029997848672962568,-6.64,1.59
11,30d,SRPT,2024-11-14,2024-11-14,112.69257999999999,2024-11-15,103.16192909142858,stop_loss,-8.640115124717012,-8607.96276415931,0.03247437679955967,1.99,21.28
11,30d,URGN,2024-11-04,2024-11-04,12.162149999999999,2024-11-18,10.856554007142856,stop_loss,-10.913262946558213,-5982.790500941388,0.19410055253351827,4.75,2.05
11,30d,HUMA,2024-11-13,2024-11-13,5.435429999999999,2024-11-18,4.5215814,stop_loss,-16.979019666729727,-4817.34039291471,0.09872470861967397,-8.16,-15.29
11,30d,IVVD,2024-11-19,2024-11-19,0.7572599999999999,2024-11-26,0.5898712857142856,stop_loss,-22.260158768868735,-4246.515666009014,0.21404843250715488,-12.75,-44.02
11,30d,MIST,2024-11-05,2024-11-05,1.5645,2024-12-02,2.0698335,take_profit,32.03566433566437,10637.518507449313,0.07465831852787966,8.38,3.35
11,30d,TENX,2024-11-20,2024-11-20,4.9572,2024-12-04,6.685527780000001,take_profit,34.59553946053948,13461.150637728184,0.2837880453455816,4.33,15.67
11,30d,GDTC,2024-11-22,2024-11-22,2.0909999999999997,2024-12-04,2.766393,take_profit,32.03566433566437,921.6362087412913,0.8072972189482668,5.0,7.73
11,30d,KPTI,2024-11-25,2024-11-25,0.9099300000000001,2024-12-05,0.7388977857142858,stop_loss,-18.95844004900275,-1229.8542491375474,0.11794180425361611,-5.71,-31.49
11,30d,VRCA,2024-11-27,2024-11-27,1.2075,2024-12-09,0.938885,stop_loss,-22.40090220338666,-1982.1443303347614,0.4950519497131409,0.0,-46.54
12,30d,XNCR,2024-12-04,2024-12-04,26.666639999999997,2024-12-10,24.92133657428571,stop_loss,-6.73161787905259,-7383.832725593777,0.3949247700672527,-0.47,-4.7
11,30d,ANAB,2024-11-25,2024-11-25,22.95293,2024-12-11,14.30568,stop_loss,-37.79836725517298,-11805.46487522389,0.6223408717755088,-3.45,-45.58
11,30d,LRMR,2024-11-29,2024-11-29,6.666659999999999,2024-12-16,3.871,stop_loss,-42.050956036970014,-13675.274880254721,0.4137057649892839,-1.94,-36.94
12,30d,NXTC,2024-12-16,2024-12-16,1.1130000000000002,2024-12-17,0.8863500000000002,stop_loss,-20.52299452568994,-361.57731914075134,0.41557892684704245,4.44,-12.43
11,30d,NUWE,2024-11-14,2024-11-14,2.0475,2024-12-19,0.8879107142857142,stop_loss,-56.721041909424954,-7236.035003536323,0.06840652655887211,-25.56,-33.89
12,30d,KPTI,2024-12-16,2024-12-16,0.7244999999999999,2024-12-19,0.6052721428571427,stop_loss,-16.623490972204365,-720.3212195532778,0.24626843553353991,-7.56,-4.64
11,30d,ACTU,2024-11-07,2024-11-07,8.4084,2024-12-20,6.6784149,stop_loss,-20.73317856326633,-6304.81970497478,0.2512687122705439,2.97,-5.71
11,30d,EDSA,2024-11-14,2024-11-14,2.244,2024-12-20,1.5536571428571428,stop_loss,-30.90227572274938,-4634.561075950407,0.400528162690139,4.29,-9.52
11,30d,XBIT,2024-11-21,2024-11-21,6.556549999999999,2024-12-23,5.06493,stop_loss,-22.904419858915713,-7518.1857274410395,0.027773631665315907,-0.29,-34.11
12,30d,CCCC,2024-12-17,2024-12-17,4.3758,2024-12-30,3.464216,stop_loss,-20.990573392054255,-18904.44932417384,0.07778292848138271,11.08,5.61
11,30d,ACRS,2024-11-27,2024-11-27,3.7128,2024-12-31,2.398634,stop_loss,-35.524630347028534,-10921.877370050628,0.1269280859687631,-2.7,-32.92
12,30d,LENZ,2024-12-18,2024-12-18,32.80277,2025-01-03,28.034279087142856,stop_loss,-14.707609931983804,-13404.982636417073,0.09309017016908078,3.37,-25.69
12,30d,SGMT,2024-12-19,2024-12-19,5.285279999999999,2025-01-06,7.127992872,take_profit,34.59553946053949,23366.19148134756,0.4371382740338885,-0.2,-16.57
11,30d,ZNTL,2024-11-21,2024-11-21,3.1824000000000003,2025-01-07,2.9302,horizon_expiry,-8.108802961744125,-2236.444380361343,0.37680161884020325,7.74,-1.55
11,30d,NUVB,2024-11-21,2024-11-21,2.6214,2025-01-07,3.185,horizon_expiry,21.25720468590692,7215.533399033404,0.2074515205028653,3.21,-4.64
12,30d,PHAT,2024-12-19,2024-12-19,8.008,2025-01-10,6.740923757142856,stop_loss,-15.9908169579457,-11467.574244271986,0.3154811787377091,0.67,-8.86
12,30d,VTYX,2024-12-27,2024-12-27,2.5296,2025-01-13,1.9653479999999999,stop_loss,-22.461210042329586,-18842.450736844206,0.702669164426425,-4.04,-8.07
13,30d,SABS,2025-01-22,2025-01-22,3.8862,2025-01-28,2.4892,stop_loss,-36.07568901686549,-9260.7636526413,0.06528892195350489,18.8,-50.41
14,30d,SGHT,2025-01-29,2025-01-29,3.1824000000000003,2025-01-31,2.763208,stop_loss,-13.345679207670159,-10755.501175409023,0.006402537907209238,-8.08,-10.77
12,30d,SIBN,2024-12-24,2024-12-24,13.163149999999998,2025-02-04,17.752482247499998,take_profit,34.59553946053948,37698.029412111864,0.2821070032111671,-0.94,19.36
13,30d,MGNX,2025-01-15,2025-01-15,3.1620000000000004,2025-02-04,2.7659520000000004,stop_loss,-12.700011942516683,-14274.084673199613,0.06711069307021392,-0.99,-15.51
12,30d,EYPT,2024-12-19,2024-12-19,7.547539999999999,2025-02-05,7.7922,horizon_expiry,3.0353091051014105,2192.6285268658394,0.008440572375434247,3.24,7.46
12,30d,TNDM,2024-12-20,2024-12-20,32.69266,2025-02-06,36.70326,horizon_expiry,12.043274585753574,13210.126689798752,0.0008124879319762468,2.08,-3.58
13,30d,XBIT,2025-01-16,2025-01-16,3.9678,2025-02-07,3.141264,stop_loss,-20.989269916534383,-9442.125919375583,0.6103815628343854,0.26,-20.68
14,30d,NVO,2025-02-05,2025-02-05,86.51643,2025-02-12,80.80411642714286,stop_loss,-6.789184850698714,-6897.09421824319,0.44968487062477625,-3.74,0.0
13,30d,PVLA,2025-01-17,2025-01-17,13.213199999999997,2025-02-13,17.819982179999997,take_profit,34.59553946053946,19123.979174877502,0.23523333404235022,-0.38,59.02
13,30d,AARD,2025-01-22,2025-02-13,15.195179999999999,2025-02-13,14.420985578999998,stop_loss,-5.284620379620371,-5660.454296804281,0.3497129898630016,0.0,-3.98
14,30d,AARD,2025-02-11,2025-02-13,15.195179999999999,2025-02-13,14.420985578999998,stop_loss,-5.284620379620394,-3624.311595754305,0.3168508983292564,-5.24,-26.76
14,30d,ACIU,2025-02-14,2025-02-14,2.8458,2025-02-14,2.529758,stop_loss,-11.283170340096323,-5403.47246596832,0.008344286119857491,1.89,-16.29
13,30d,ALDX,2025-01-23,2025-01-23,5.0898,2025-02-18,6.864358770000001,take_profit,34.59553946053949,38883.40119756627,0.07640401466899838,2.15,26.95
13,30d,KPTI,2025-01-20,2025-01-21,0.6930000000000001,2025-02-19,0.5074492857142858,stop_loss,-26.921298553023952,-1290.2569430287772,0.10230106201476916,-0.13,-12.65
14,30d,CADL,2025-02-14,2025-02-14,8.868859999999998,2025-02-20,11.960988038999998,take_profit,34.59553946053948,8438.149359557483,0.21374358397826643,9.98,-7.25
14,30d,XNCR,2025-02-07,2025-02-07,17.267249999999997,2025-02-24,15.351169178571423,stop_loss,-11.274247422832397,-11453.443738103233,0.30883549258256415,-3.62,-19.01
14,30d,STTK,2025-02-11,2025-02-11,1.2075,2025-02-24,1.54861875,take_profit,27.993756243756273,3841.5438800937845,0.07070018404127876,5.88,1.68
13,30d,AGEN,2025-01-13,2025-01-13,3.0804,2025-02-26,3.0673999999999997,horizon_expiry,-0.6209801106567641,-628.9521104001033,0.01708292117165075,21.78,10.02
14,30d,AGEN,2025-02-20,2025-02-20,3.5088,2025-02-27,2.865142,stop_loss,-18.507254886016845,-9948.986518294725,0.37256903934408037,-6.93,-50.6
14,30d,ALDX,2025-02-11,2025-02-11,5.95595,2025-02-28,5.35610282142857,stop_loss,-10.2510713271627,-8567.011036282027,0.013437271778326737,9.71,13.03
14,30d,ANAB,2025-02-14,2025-02-14,19.07906,2025-02-28,15.777566639999998,stop_loss,-17.469503055550586,-9340.71043840352,0.45790761548801995,-0.86,-16.53
15,30d,ALDX,2025-02-24,2025-02-24,6.73673,2025-02-28,6.099196127142856,stop_loss,-9.64444291080954,-7420.048838839357,0.3874724702638135,-6.77,-3.08
13,30d,ACXP,2025-01-17,2025-01-17,0.8400000000000001,2025-03-04,0.5883214285714286,stop_loss,-30.101671287895776,-529.8082733640276,0.4893060150559213,-4.72,-16.74
14,30d,GNPX,2025-02-20,2025-02-20,0.42861000000000005,2025-03-04,0.3024895,stop_loss,-29.566476429708725,-420.564452434764,0.2526540258040924,-6.44,-6.08
14,30d,ZLAB,2025-02-10,2025-02-10,27.727699999999995,2025-03-07,37.39496260499999,take_profit,34.59553946053946,35145.41147980884,0.48262301939557584,14.3,30.93
15,30d,IRWD,2025-02-28,2025-02-28,1.7115,2025-03-11,1.2787814285714285,stop_loss,-25.4322862563754,-8966.889615142336,0.4186699933310045,1.32,-3.29
15,30d,EYPT,2025-03-04,2025-03-04,5.545539999999999,2025-03-11,7.4789925209999994,take_profit,34.59553946053951,17955.835384175196,0.3319445364025507,7.75,-24.16
15,30d,PTN,2025-03-06,2025-03-06,0.9135,2025-03-11,0.6954678571428571,stop_loss,-24.01988932953042,-769.5171958270193,0.1695468214484144,-2.53,-44.3
14,30d,VSTM,2025-01-29,2025-01-29,5.775769999999999,2025-03-13,7.20279,horizon_expiry,24.457843909795816,9871.881199663163,0.22899722463861238,-8.2,-9.97
15,30d,SRPT,2025-03-10,2025-03-10,101.94184,2025-03-18,78.536385,stop_loss,-23.113542833978528,-21485.58917428633,0.6564105170572592,0.64,-44.74
14,30d,RLMD,2025-02-11,2025-02-11,0.315,2025-03-26,0.291555,horizon_expiry,-7.627786499215063,-2118.657805933999,0.023096858898777856,8.72,-10.86
15,30d,JSPR,2025-02-27,2025-02-27,5.74574,2025-03-26,4.647045199999999,stop_loss,-19.283497088180216,-5131.585034513948,0.05975501825865884,-6.75,-27.49
15,30d,NRIX,2025-03-13,2025-03-13,14.464449999999998,2025-03-26,12.483382692857141,stop_loss,-13.868547581864568,-11491.231482664225,0.037064250485357414,0.52,-27.52
15,30d,HUMA,2025-03-18,2025-03-18,3.0498000000000003,2025-03-26,1.9796,stop_loss,-35.220514287994135,-13682.733112941267,0.4812612675032555,0.3,-49.24
16,30d,CRBU,2025-03-24,2025-03-24,1.0710000000000002,2025-03-26,0.8668478571428574,stop_loss,-19.22353936579623,-9480.809410024573,0.10791837948692887,-4.93,-12.3
15,30d,BIOA,2025-03-13,2025-03-13,4.4574,2025-03-27,3.8376520000000003,stop_loss,-14.075820800548197,-3161.504939838349,0.43678912366782274,-2.3,-14.02
14,30d,NKTR,2025-02-13,2025-02-13,0.8505000000000001,2025-03-28,0.7013849999999999,horizon_expiry,-17.69739784025499,-1931.1082908972076,0.6198501739988804,7.88,-7.46
16,30d,BBNX,2025-03-24,2025-03-24,15.095079999999998,2025-03-28,11.846792777142854,stop_loss,-21.67565285176223,-9565.12657036868,0.17383774985631764,-19.58,-31.27
15,30d,ALEC,2025-03-13,2025-03-13,1.596,2025-03-31,1.1875,stop_loss,-25.743898958184673,-10830.297705928268,0.22367325139571706,-10.34,-32.36
15,30d,ATRC,2025-03-20,2025-03-20,34.40436999999999,2025-03-31,31.20499091571428,stop_loss,-9.480559354764939,-8105.974926849216,0.16968343874921019,3.91,-5.37
16,30d,ACIU,2025-03-24,2025-03-24,2.193,2025-03-31,1.8234571428571429,stop_loss,-17.017151306774114,-7634.302832447545,0.19278011381654506,-5.56,-20.2
15,30d,APTOF,2025-03-07,2025-03-07,2.9988,2025-04-01,1.8904999999999998,stop_loss,-37.08407438899636,-8308.191238200427,0.3507747419237912,3.88,-20.9
16,30d,PHAT,2025-03-25,2025-03-25,6.526519999999999,2025-04-01,5.1148428942857125,stop_loss,-21.786443189272926,-7092.363039965021,0.08020566599784565,-2.34,-35.83
16,30d,TYRA,2025-03-26,2025-03-26,10.300289999999999,2025-04-01,8.714067209999998,stop_loss,-15.568819069135941,-6529.35681786135,0.11721502077422832,-3.73,3.93
16,30d,CLRB,2025-03-28,2025-03-28,0.378,2025-04-01,0.29611499999999996,stop_loss,-21.81921649778792,-354.81362840870247,0.2902425588004074,-4.19,-5.99
16,30d,BIAF,2025-04-01,2025-04-01,0.7244999999999999,2025-04-01,0.9291712499999999,take_profit,27.993756243756284,628.3272895537671,0.33570850239919947,-21.35,-46.63
16,30d,OPK,2025-03-30,2025-03-31,1.7745,2025-04-02,1.5510921428571427,stop_loss,-12.764550146146572,-9522.84802056641,0.305915651672374,-6.63,-15.66
15,30d,INMD,2025-03-18,2025-03-18,18.26825,2025-04-03,16.74230522142857,stop_loss,-8.53609917674106,-8691.344578200398,0.3768654758979666,1.88,-20.0
15,30d,LTRN,2025-03-06,2025-03-06,3.8556,2025-04-04,2.997693999999999,stop_loss,-22.406250612132972,-6984.598196379917,0.1564227755523622,-2.46,-23.22
16,30d,KOD,2025-03-30,2025-03-31,2.8662,2025-04-04,2.25323,stop_loss,-21.543226503452587,-7045.203002531631,0.3096783421436192,-16.22,48.31
16,30d,TNDM,2025-04-03,2025-04-03,18.54853,2025-04-04,16.698800198571426,stop_loss,-10.152254855719296,-3748.1101983093613,0.006126708437293987,-3.02,26.13
15,30d,ZLAB,2025-03-03,2025-03-03,33.7337,2025-04-07,28.891080000000002,stop_loss,-14.526554856314105,-12771.293927650651,0.3821369110469154,2.03,7.15
16,30d,EDIT,2025-04-02,2025-04-02,1.1969999999999998,2025-04-07,0.9396042857142857,stop_loss,-21.660237721462188,-3099.586499385643,0.500420714691587,-10.71,46.43
16,30d,EYPT,2025-04-03,2025-04-03,5.025019999999999,2025-04-07,4.124965599999999,stop_loss,-18.075472127682865,-6868.375063547461,0.15775858772840806,-10.41,48.81
15,30d,URGN,2025-02-28,2025-02-28,9.25925,2025-04-11,10.109879999999999,horizon_expiry,8.968657715910467,8737.704705765223,0.1540457015456617,9.71,19.31
15,30d,AMLX,2025-03-07,2025-03-07,3.723,2025-04-21,4.1454,horizon_expiry,11.123220051503719,6849.422124572149,0.44144320390455427,12.03,-0.86
16,30d,AMLX,2025-04-02,2025-04-02,3.2946,2025-04-22,4.3587558,take_profit,32.03566433566434,13082.930630810079,0.3612585035325502,-1.42,51.57
16,30d,QTTB,2025-04-20,2025-04-21,2.193,2025-04-28,1.6102635714285711,stop_loss,-26.719276717029306,-8257.347760902096,0.7809883876576106,-7.88,-12.81
17,30d,ACRS,2025-04-29,2025-04-29,1.5645,2025-04-29,1.2867614285714288,stop_loss,-17.916875892221718,-12693.025238199938,0.1839966362294429,-7.25,5.8
16,30d,HUMA,2025-04-18,2025-04-21,1.722,2025-05-02,1.2694714285714286,stop_loss,-26.426537623650603,-10060.750608704766,0.270463791833358,1.38,53.79
17,30d,PHAT,2025-04-23,2025-04-23,4.192200000000001,2025-05-02,2.9306900000000002,stop_loss,-30.231513870414684,-11068.587266369414,0.3962438831032196,0.73,-2.43
17,30d,AVXL,2025-05-04,2025-05-05,9.369359999999999,2025-05-06,8.549159425714285,stop_loss,-8.936382121079005,-6075.967619658346,0.043048249331089736,-7.41,-12.01
16,30d,CRVS,2025-04-17,2025-04-17,3.2844,2025-05-09,4.3452612,take_profit,32.03566433566435,15655.04619032114,0.636662993866284,3.42,12.42
16,30d,DAWN,2025-04-10,2025-04-10,7.117109999999999,2025-05-13,6.124550747142857,stop_loss,-14.118035515634828,-6362.047804789043,0.7193870999379584,0.98,-7.58
17,30d,CHRS,2025-05-08,2025-05-08,0.998235,2025-05-13,0.7916275357142857,stop_loss,-20.855724121448826,-8750.405896774391,0.4096534723205331,-14.82,-11.8
16,30d,CASI,2025-04-03,2025-04-03,1.9949999999999999,2025-05-16,1.843855,horizon_expiry,-7.760853432281991,-168.65711997746166,0.05533663035372177,-2.39,-8.37
16,30d,NVO,2025-04-09,2025-04-09,60.550489999999996,2025-05-22,68.10183,horizon_expiry,12.246428406429791,8370.35595561369,0.5176455527394449,7.92,7.45
16,30d,NVCR,2025-04-11,2025-04-11,16.146129999999996,2025-05-27,19.16082,horizon_expiry,18.434179852117204,12291.152930637021,0.23756875932786395,-4.35,12.21
16,30d,ATXS,2025-04-11,2025-04-11,4.1411999999999995,2025-05-27,4.0081999999999995,horizon_expiry,-3.4050128370615025,-1878.238024311322,0.009974004617337204,-5.69,3.55
17,30d,ANTX,2025-05-08,2025-05-08,1.281,2025-05-28,1.0685192857142856,stop_loss,-16.753756280521078,-2724.506082883425,0.30408950487947023,-1.67,-6.67
17,30d,ATYR,2025-05-07,2025-05-07,3.2946,2025-05-29,4.3587558,take_profit,32.03566433566435,14041.40534933917,0.15360408970113132,-2.99,61.08
17,30d,CNTX,2025-05-09,2025-05-09,0.8085000000000001,2025-05-29,0.5974278571428573,stop_loss,-26.25427395292222,-2264.628766150633,0.31609721823009035,1.3,-9.87
17,30d,RGNX,2025-05-13,2025-05-13,7.977969999999999,2025-06-02,10.7594892405,take_profit,34.595539460539506,15697.910145766567,0.691328414983927,17.53,22.45
17,30d,VSTM,2025-05-18,2025-05-19,7.427419999999999,2025-06-02,5.9157840085714275,stop_loss,-20.511237276166483,-9540.436778927295,0.2620320386764258,7.23,-31.48
18,30d,ATYR,2025-05-20,2025-05-20,3.4986,2025-06-02,4.6286478,take_profit,32.035664335664364,6993.773313231457,0.5573375209623102,3.2,39.2
16,30d,OCUL,2025-04-18,2025-04-21,7.19719,2025-06-03,8.32167,horizon_expiry,15.392858695036365,7225.49225249068,0.40677246979943393,3.15,-1.31
17,30d,AGEN,2025-04-30,2025-04-30,3.1212,2025-06-03,4.7285,take_profit,51.19352965373729,18354.42653645837,0.990943287980535,8.04,19.93
17,30d,TCRX,2025-05-18,2025-05-19,1.2705,2025-06-03,1.62941625,take_profit,27.99375624375624,13308.848495955732,0.30677067095040383,11.29,24.19
17,30d,SGMT,2025-05-15,2025-05-15,3.1824000000000003,2025-06-04,4.210315200000001,take_profit,32.03566433566437,13397.72675948435,0.6988338871568787,6.52,129.81
17,30d,ORKA,2025-05-18,2025-05-19,9.879869999999999,2025-06-11,13.324486675499998,take_profit,34.595539460539456,16041.143246599291,0.20058308675145303,6.21,16.1
18,30d,ARTV,2025-06-11,2025-06-11,2.1828000000000003,2025-06-12,1.817974285714286,stop_loss,-16.88006370445702,-3926.9494873797485,0.04661942619869361,-1.46,-0.49
18,30d,CASI,2025-06-12,2025-06-12,1.899555,2025-06-13,2.513111265,take_profit,32.03566433566433,499.4677604231399,0.41737047651360926,-20.11,-22.28
18,30d,TMCI,2025-06-11,2025-06-11,6.2062,2025-06-16,5.635772871428571,stop_loss,-9.372682382598486,-7384.16471915142,0.15252790535038313,-1.87,2.21
18,30d,CRBU,2025-06-11,2025-06-11,1.302,2025-06-16,1.0158892857142856,stop_loss,-22.130603925370234,-9104.465061278686,0.0732593191935847,-3.45,40.52
17,30d,ATRC,2025-05-06,2025-05-06,28.6286,2025-06-18,31.57839,horizon_expiry,10.083260493654306,8941.653426910969,0.1608858135961601,4.95,15.04
18,30d,UPB,2025-06-12,2025-06-12,11.64163,2025-06-18,10.039950000000001,stop_loss,-13.930522101800491,-5870.72670131403,0.15475052127113953,-9.24,3.26
19,30d,AVBP,2025-06-22,2025-06-23,24.729704999999996,2025-06-23,22.04278300928571,stop_loss,-11.043251487263444,-10668.053115328628,0.7139990582755855,0.48,-5.44
17,30d,AARD,2025-05-09,2025-05-09,10.65064,2025-06-24,14.363985635999999,take_profit,34.59553946053948,12383.645973564322,0.13837310010870546,-20.33,6.47
18,30d,SAVA,2025-05-25,2025-05-27,2.1624000000000003,2025-06-25,1.7489228571428574,stop_loss,-19.282810498523176,-7272.3168880402445,0.5894632549903571,-5.63,-8.92
18,30d,KURA,2025-06-04,2025-06-04,6.46646,2025-06-26,5.713597825714285,stop_loss,-11.819108973955947,-7465.1445568735435,0.7100387168642252,2.44,-13.55
19,30d,PEPG,2025-06-24,2025-06-24,1.512,2025-06-26,1.2287571428571427,stop_loss,-18.895364839242404,-4709.772665919543,0.17043618622840073,-18.38,5.88
19,30d,IPSC,2025-06-25,2025-06-25,0.626325,2025-06-27,0.5230801785714285,stop_loss,-16.651089557413865,-9025.706402461692,0.2474390364148295,-1.52,10.22
17,30d,ELUT,2025-05-16,2025-05-16,1.8165,2025-07-01,2.0873999999999997,horizon_expiry,14.683697805085066,1211.7722054157384,0.11134891104339963,-3.87,-2.76
19,30d,AUPH,2025-06-18,2025-06-18,7.9079,2025-07-01,7.5135218142857125,stop_loss,-5.176977671837811,-1738.164108736557,0.4851983838777412,0.77,11.07
17,30d,DSGN,2025-05-18,2025-05-19,3.4986,2025-07-02,3.6064000000000003,horizon_expiry,2.8752759845196985,1312.4184182202953,0.09303360881649163,7.93,4.25
18,30d,ANNX,2025-05-29,2025-05-29,2.0909999999999997,2025-07-02,2.766393,take_profit,32.03566433566434,12759.136548770883,0.21280672437767012,12.75,17.65
18,30d,CRIS,2025-06-05,2025-06-05,2.3868,2025-07-02,1.4725,stop_loss,-38.42978288679645,-6523.446671679396,0.17127589276313782,5.91,-26.58
19,30d,APLM,2025-06-27,2025-06-27,6.629623,2025-07-09,5.4914118055714285,stop_loss,-17.33406328214974,-485.9890225043473,0.2009544055960591,0.03,-2.87
19,30d,ELUT,2025-06-17,2025-06-17,1.9110000000000003,2025-07-10,2.5282530000000003,take_profit,32.03566433566436,1389.6088654986024,0.057382349670517904,-2.79,13.41
18,30d,OGN,2025-05-29,2025-05-29,9.209199999999997,2025-07-14,9.80019,horizon_expiry,6.20476480909532,2875.099611296464,0.1982233614086938,2.39,4.99
18,30d,NVO,2025-06-02,2025-06-02,71.84176999999998,2025-07-15,66.79348108714285,stop_loss,-7.212715418234751,-5559.419486592102,0.5468074847748265,6.42,-1.54
19,30d,BHVN,2025-07-11,2025-07-11,14.634619999999998,2025-07-16,13.170721808571427,stop_loss,-10.182794769643644,-5549.092411925543,0.7872255383063511,-5.85,-5.5
19,30d,IOVA,2025-07-08,2025-07-08,1.785,2025-07-17,2.3615549999999996,take_profit,32.03566433566434,13279.855813780567,0.3691915059419711,1.01,32.66
18,30d,ARVN,2025-06-04,2025-06-04,7.047039999999999,2025-07-18,7.34265,horizon_expiry,3.9866294306456678,1129.668738039829,0.15485929212634197,13.15,12.57
19,30d,SRPT,2025-06-22,2025-06-23,19.77976,2025-07-18,13.014503897142855,stop_loss,-34.33438579460338,-12803.14219697618,0.4968280497877577,-9.33,-27.85
18,30d,TLSA,2025-06-06,2025-06-06,1.4805,2025-07-22,1.539,horizon_expiry,3.7436727406332455,1070.273423290495,0.6544861579771744,2.82,7.75
20,30d,OPK,2025-07-20,2025-07-21,1.4280000000000002,2025-07-22,1.2772071428571432,stop_loss,-10.73842573992631,-7641.543751531666,0.23477296386140717,-2.14,-2.86
19,30d,OCUL,2025-06-17,2025-06-17,8.708699999999999,2025-07-23,11.744988254999999,take_profit,34.59553946053946,22667.827802227657,0.5294002674780487,0.48,36.61
19,30d,CRBU,2025-07-11,2025-07-11,1.7955,2025-07-23,2.3754465000000002,take_profit,32.03566433566435,1332.8586597847052,0.6672086949441498,7.65,0.59
18,30d,PYPD,2025-06-10,2025-06-10,3.213,2025-07-24,3.6652,horizon_expiry,13.84615384615387,8858.828366600785,0.07295999677238471,6.07,0.29
18,30d,VIR,2025-06-13,2025-06-13,5.045039999999999,2025-07-29,5.24475,horizon_expiry,3.75083208499794,2180.5713328384445,0.22205455331318646,-0.57,4.96
18,30d,AVIR,2025-06-13,2025-06-13,3.2334,2025-07-29,3.7239999999999998,horizon_expiry,14.942767382923261,10874.777978128492,0.14633867931738126,0.63,17.87
20,30d,NVO,2025-07-25,2025-07-25,71.09101999999999,2025-07-29,53.89605,stop_loss,-24.33873422491955,-14107.063813128407,0.2147132307875647,-27.49,-17.43
20,30d,INTS,2025-07-29,2025-07-29,0.378,2025-07-29,0.30115,stop_loss,-20.48986727558156,-1261.8215174888683,0.3831526540652344,-12.79,-4.59
18,30d,BCAB,2025-06-15,2025-06-16,0.4305,2025-07-30,0.344755,horizon_expiry,-20.07754266639284,-413.30964353241257,0.17735303268747665,0.35,-1.53
20,30d,BIVI,2025-07-18,2025-07-18,8.15815,2025-07-31,6.10455362142857,stop_loss,-25.321835083982936,-407.16218598926025,0.10625818315280669,12.72,-76.06
20,30d,CRVS,2025-07-22,2025-07-22,4.5798000000000005,2025-07-31,4.081308,stop_loss,-11.06263289965635,-2806.368736348857,0.028193104114038886,-0.43,13.28
20,30d,GLUE,2025-07-28,2025-07-28,5.705699999999999,2025-07-31,5.062575214285713,stop_loss,-11.448898839887548,-4285.639459913771,0.014268335516313374,-7.22,-11.22
20,30d,CNTX,2025-07-31,2025-07-31,0.8714999999999999,2025-07-31,0.6878949999999999,stop_loss,-21.225406263272014,-3270.20458006795,0.2477091573358955,-1.41,19.69
20,30d,CVRX,2025-07-15,2025-07-15,7.417409999999999,2025-08-05,6.649981932857143,stop_loss,-10.525436025936038,-2288.4178430753673,0.04118993969931922,-1.89,-14.32
20,30d,ARVN,2025-07-25,2025-07-25,7.947939999999999,2025-08-06,7.09764953142857,stop_loss,-10.876674792667552,-3457.5371609055037,0.17044328853101093,-0.39,-1.71
20,30d,CBLL,2025-07-25,2025-07-25,15.385369999999998,2025-08-06,13.944982487142855,stop_loss,-9.543154410511786,-4774.231831916004,0.12067321252412616,-0.27,-23.53
20,30d,EOLS,2025-08-05,2025-08-05,9.13913,2025-08-06,6.74325,stop_loss,-26.363045792903993,-11834.297559428865,0.19006105018506464,-9.42,17.9
20,30d,VIR,2025-08-06,2025-08-06,5.05505,2025-08-07,4.466371,stop_loss,-11.821897274642547,-4765.405639411474,0.17200320198545954,-1.61,21.15
20,30d,HOTH,2025-07-16,2025-07-16,1.3965,2025-08-08,1.1354535714285714,stop_loss,-18.855357470517813,-2917.4387960312906,0.22628614737127156,-1.49,-4.48
20,30d,CHRS,2025-08-01,2025-08-01,0.987,2025-08-08,0.7910242857142857,stop_loss,-20.01582395025729,-6255.729812993704,0.12641651102969914,5.5,37.1
19,30d,ABEO,2025-06-27,2025-06-27,5.83583,2025-08-11,6.27372,horizon_expiry,7.288682071018086,4796.031353532657,0.1518302952900354,3.35,16.55
20,30d,PYXS,2025-08-01,2025-08-01,1.1550000000000002,2025-08-11,0.9322757142857145,stop_loss,-19.44475969299716,-5914.527972134398,0.4865473305561348,-4.55,20.91
19,30d,CERO,2025-06-29,2025-06-30,9.799789999999998,2025-08-12,7.9620299999999995,horizon_expiry,-18.915386471017737,-281.10578367172707,0.22013064104247942,-7.37,-25.03
20,30d,SVRA,2025-08-07,2025-08-07,2.7948000000000004,2025-08-13,2.442804,stop_loss,-12.769311838869582,-3336.1803435957336,0.41757657301356327,-2.27,45.83
19,30d,CGEM,2025-07-04,2025-07-07,7.6876799999999985,2025-08-18,7.94205,horizon_expiry,3.102389384466699,3162.3028431958082,0.2407501402508243,5.12,7.01
20,30d,PVLA,2025-07-23,2025-07-23,36.035999999999994,2025-08-18,48.599951399999995,take_profit,34.595539460539484,12339.125065516659,0.8177113146682888,3.21,38.29
20,30d,CADL,2025-07-30,2025-07-30,6.506499999999999,2025-08-19,5.604133114285713,stop_loss,-14.040789285694272,-4689.388106999999,0.46588699834731734,-2.09,-10.16
19,30d,ALT,2025-07-09,2025-07-09,4.6818,2025-08-20,3.5574,horizon_expiry,-24.168219323928657,-15875.801086286228,0.33829445120617085,-3.18,-21.59
19,30d,ALDX,2025-07-09,2025-07-09,4.488,2025-08-20,5.62437,horizon_expiry,25.069797181428218,7029.2390880248495,0.24757920358418534,4.38,9.58
21,30d,MRKR,2025-08-20,2025-08-20,1.2075,2025-08-26,0.9733292857142856,stop_loss,-19.55407272408161,-3912.754270815978,0.12554585721811967,4.13,-21.49
20,30d,MIST,2025-07-16,2025-07-16,1.554,2025-08-27,1.6815,horizon_expiry,7.9884401312972715,1668.3389578437454,0.6306398496307608,-9.7,3.03
20,30d,SGHT,2025-07-16,2025-07-16,3.4578,2025-08-27,4.1454,horizon_expiry,19.645944893211954,6850.087663465616,0.25114224704051336,-3.11,18.64
21,30d,PVLA,2025-08-12,2025-08-12,41.60156,2025-08-27,56.105943894,take_profit,34.59553946053946,10963.923105648664,0.3207043833053683,11.0,30.94
20,30d,JSPR,2025-07-20,2025-07-21,3.4374000000000002,2025-09-02,2.7047999999999996,horizon_expiry,-21.469837545941587,-3641.057166939847,0.5583317027511174,-1.87,-11.21
21,30d,CADL,2025-08-22,2025-08-22,5.845839999999999,2025-09-03,5.218530531428571,stop_loss,-10.90922952047706,-3445.81641106146,0.06229071504635192,3.5,-8.41
20,30d,ATXS,2025-07-23,2025-07-23,6.53653,2025-09-04,6.993,horizon_expiry,6.769615866950406,1970.2619991900283,0.35775956488730765,1.07,3.51
21,30d,SION,2025-09-03,2025-09-03,25.355329999999995,2025-09-04,22.265185384285708,stop_loss,-12.362806954584979,-3013.184841232942,0.34789970580943874,-6.24,30.14
21,30d,OLMA,2025-08-29,2025-08-29,5.525519999999999,2025-09-05,7.451992548,take_profit,34.595539460539484,10950.696785007465,0.687156283587185,-2.78,47.45
21,30d,NVO,2025-08-29,2025-08-29,56.10604999999999,2025-09-09,52.964461092857135,stop_loss,-5.787989006942181,-2008.3812668543796,0.3281745876010172,0.64,-1.56
20,30d,PLRX,2025-08-01,2025-08-01,1.5225,2025-09-15,1.4535,horizon_expiry,-4.722764919809249,-1641.509090944266,0.028731174515584407,-0.59,-1.47
22,30d,TCRX,2025-09-10,2025-09-10,1.9530000000000003,2025-09-15,1.6311228571428575,stop_loss,-16.648035308996455,-2837.7953236994817,0.44080617343730444,-8.65,19.46
21,30d,STTK,2025-09-05,2025-09-05,1.5855000000000001,2025-09-16,2.0976165000000004,take_profit,32.03566433566438,6078.450733055473,0.11731927971565836,-6.91,37.77
22,30d,NRIX,2025-09-09,2025-09-09,9.5095,2025-09-16,8.426208214285712,stop_loss,-11.568719349724061,-1261.2626666319811,0.04504040093929067,-3.13,21.34
20,30d,RXRX,2025-08-06,2025-08-06,5.420414999999999,2025-09-18,4.8313999999999995,horizon_expiry,-11.044692091899714,-2988.043975808341,0.04315321523925375,-2.22,-14.79
20,30d,OGN,2025-08-06,2025-08-06,8.433425,2025-09-18,10.83915,horizon_expiry,28.26927798187992,9276.104753933141,0.015018029213349826,-1.1,14.18
21,30d,BCDA,2025-08-12,2025-08-12,1.764,2025-09-18,1.0924999999999998,stop_loss,-38.19063589471754,-11297.346309033946,0.13454593409734905,1.08,22.04
20,30d,CLLS,2025-08-07,2025-08-07,2.8152,2025-09-19,3.3712,horizon_expiry,19.510668359773245,5556.834039914571,0.19184777130597952,2.31,5.38
20,30d,XNCR,2025-08-07,2025-08-07,7.657649999999999,2025-09-19,10.327489672499999,take_profit,34.5955394605395,10730.421966163223,0.1811954086228978,7.19,16.32
20,30d,NVCR,2025-08-07,2025-08-07,11.47146,2025-09-19,12.67731,horizon_expiry,10.29093689286899,4433.247221872618,0.05705479740903768,1.89,13.21
22,30d,CRBU,2025-09-19,2025-09-19,1.9005,2025-09-19,1.5979814285714287,stop_loss,-16.08583749095643,-3346.4823329738683,0.4195319356696094,10.36,46.11
20,30d,NVCT,2025-08-08,2025-08-08,6.156149999999999,2025-09-22,6.42357,horizon_expiry,4.13546931614234,1505.4027914497128,0.07198934407461755,3.92,4.4
20,30d,INSP,2025-08-08,2025-08-08,77.17709999999998,2025-09-22,78.45147,horizon_expiry,1.4481287923410402,745.8145379351845,0.06949393365866455,9.71,4.92
21,30d,HOWL,2025-08-12,2025-08-12,1.26,2025-09-22,1.61595,take_profit,27.993756243756255,7582.571798652771,0.15191524328857126,-1.48,5.93
22,30d,INSP,2025-09-08,2025-09-08,85.17509,2025-09-22,76.79133608142857,stop_loss,-10.023098492166376,-2343.5473198003674,0.31095729900004776,-0.9,-3.6
22,30d,KOD,2025-09-10,2025-09-10,9.999989999999999,2025-09-22,13.4864865135,take_profit,34.59553946053949,5412.441652249188,0.576218103907389,-5.75,19.66
21,30d,ARVN,2025-08-11,2025-08-11,6.346339999999999,2025-09-23,7.52247,horizon_expiry,18.295585958364857,6870.629895423903,0.28355784671984013,5.6,15.32
22,30d,SAVA,2025-09-22,2025-09-22,2.3255999999999997,2025-09-23,3.0767688,take_profit,32.03566433566437,9245.82255438188,0.23764932799965244,-7.92,8.5
21,30d,KMDA,2025-09-04,2025-09-04,7.007,2025-09-25,6.630705514285713,stop_loss,-5.559335644070085,-1894.4350412118802,0.4706351216648052,0.14,-6.16
22,30d,EVAX,2025-09-22,2025-09-22,3.1620000000000004,2025-09-25,4.2042,take_profit,32.69449715370021,6342.310525332072,0.05177483142460075,25.83,80.13
22,30d,NVO,2025-09-23,2025-09-23,60.36029999999999,2025-09-25,56.97184255714284,stop_loss,-5.802302669330936,-1802.134843113232,0.15463822716015524,-5.52,-9.38
22,30d,VANI,2025-09-23,2025-09-23,1.6590000000000003,2025-09-25,1.3564642857142857,stop_loss,-18.399393166895113,-4643.1770226925,0.09029838987462717,-4.76,10.88
21,30d,DAWN,2025-08-14,2025-08-14,6.096089999999999,2025-09-26,6.763229999999999,horizon_expiry,10.722070260561342,3295.4507612827583,0.041883800893931455,1.04,6.37
22,30d,CLLS,2025-09-09,2025-09-09,2.907,2025-09-29,2.5284,stop_loss,-13.197514559743645,-1935.234003715872,0.38925943833144516,-1.97,36.72
22,30d,TNDM,2025-09-24,2025-09-24,12.862849999999998,2025-09-30,11.466372149999998,stop_loss,-11.034783772379637,-3040.0731232043945,0.01171153362152337,-1.42,25.0
21,30d,ENLV,2025-08-19,2025-08-19,1.302,2025-10-01,0.9784999999999999,horizon_expiry,-24.996547231570275,-7995.6238745569535,0.0949412951083557,-1.82,-4.55
21,30d,CLYM,2025-08-20,2025-08-20,2.0705999999999998,2025-10-02,1.9992,horizon_expiry,-3.641186399807063,-1050.7685112270556,0.2129113404910561,13.24,5.48
21,30d,AVBP,2025-08-21,2025-08-21,19.10909,2025-10-03,19.82016,horizon_expiry,3.5138736628446945,1551.081952396933,0.4523801804165917,-2.59,-7.41
21,30d,NVCT,2025-08-21,2025-08-21,6.486479999999999,2025-10-03,5.998995,horizon_expiry,-7.700185678457407,-3179.3122912122344,0.28676700580448405,-0.29,-6.4
21,30d,NVCR,2025-08-22,2025-08-22,12.09208,2025-10-06,14.4855,horizon_expiry,19.55393895887177,6196.478197466706,0.3802986056287195,1.79,11.88
21,30d,CELZ,2025-08-22,2025-08-22,3.1517999999999997,2025-10-06,3.3124,horizon_expiry,4.885519962618791,827.253544917432,0.37383740226717793,1.41,8.92
22,30d,BCAB,2025-09-25,2025-09-25,0.64995,2025-10-06,0.833560875,take_profit,27.993756243756255,6396.680966884422,0.38705734237129286,2.81,5.62
22,30d,MLTX,2025-09-30,2025-09-30,6.416409999999999,2025-10-06,8.931059999999999,take_profit,38.91281455324279,21436.470157532814,0.339817880366226,22.66,38.95
21,30d,STRO,2025-08-24,2025-08-25,0.903,2025-10-07,0.800185,horizon_expiry,-11.56298684704,-371.2107407575172,0.5576287370129622,2.46,-0.97
21,30d,CLLS,2025-08-24,2025-08-25,2.8254,2025-10-07,3.7380042000000007,take_profit,32.03566433566436,5441.453491498651,0.2863256097112998,-4.35,29.74
22,30d,KPTI,2025-10-03,2025-10-03,6.296289999999999,2025-10-08,4.655,stop_loss,-26.21529026300723,-4395.758949324367,0.018762700967453624,-4.22,-1.46
22,30d,PYXS,2025-10-01,2025-10-01,2.244,2025-10-09,2.9688120000000002,take_profit,32.03566433566435,7201.452459986151,0.32134580233019117,9.78,58.22
22,30d,AZTR,2025-10-02,2025-10-02,0.7476,2025-10-10,0.6482800000000001,stop_loss,-13.458435625369797,-206.81312108334168,0.3552022404053455,-8.71,-37.97
21,30d,VSTM,2025-09-02,2025-09-02,9.008999999999999,2025-10-14,8.991,horizon_expiry,-0.3992011984019801,-93.72969944804208,0.08894894262129707,7.68,-5.37
22,30d,RCKT,2025-09-22,2025-09-22,3.0804,2025-10-14,4.0753692,take_profit,32.035664335664336,6528.089564538288,0.28092063194699346,5.81,22.58
22,30d,CRDL,2025-10-02,2025-10-02,1.1130000000000002,2025-10-14,0.946444285714286,stop_loss,-15.13447545908077,-3006.709691825916,0.2177072155881608,-0.93,2.34
21,30d,RXRX,2025-09-05,2025-09-05,4.6716,2025-10-15,6.30035334,take_profit,34.59553946053948,9381.370110450222,0.29990371241502084,-1.73,19.7
23,30d,RCKT,2025-10-07,2025-10-07,3.2436000000000003,2025-10-15,4.2912828,take_profit,32.035664335664336,9794.761419942275,0.20272794271874742,2.36,-4.72
21,30d,OGN,2025-09-04,2025-09-04,9.82982,2025-10-16,9.22059018,stop_loss,-6.38518892108295,-1034.4076113861502,0.26537151187879976,-0.1,4.43
22,30d,DTIL,2025-09-26,2025-09-26,5.049,2025-10-16,6.809333850000002,take_profit,34.59553946053948,12497.215850574197,0.39740813703421446,6.88,41.06
23,30d,GNPX,2025-10-16,2025-10-16,0.70014,2025-10-16,0.4904008571428571,stop_loss,-30.096689911951348,-5482.898808425303,0.2883187177111355,-36.62,-77.73
22,30d,GLSI,2025-10-03,2025-10-03,10.690679999999999,2025-10-17,9.46820232,stop_loss,-11.611938315924194,-3861.2135106572023,0.6170244449439632,1.46,-25.27
23,30d,OLMA,2025-10-10,2025-10-10,10.8108,2025-10-17,9.227848628571428,stop_loss,-14.81285965354753,-3861.1961528317806,0.3355142478284917,-3.53,-19.07
22,30d,BTAI,2025-09-18,2025-09-18,3.0141,2025-10-21,2.205,stop_loss,-26.99000014616616,-2086.974627245171,0.14137676546115963,-17.39,-23.41
23,30d,KURA,2025-10-09,2025-10-09,10.090079999999999,2025-10-23,9.087554777142856,stop_loss,-10.11569953319325,-4379.596932556124,0.09662641091250276,-2.34,4.77
22,30d,CELZ,2025-10-03,2025-10-03,3.2640000000000002,2025-10-24,4.318272,take_profit,32.03566433566433,3073.962861831993,0.1269726473929199,5.62,-11.24
23,30d,CHRS,2025-10-21,2025-10-21,1.848,2025-10-27,1.5399092857142855,stop_loss,-16.838065807105693,-5926.924033347572,0.33352705697851437,-4.76,-34.52
23,30d,VTGN,2025-10-21,2025-10-21,4.488,2025-10-27,3.7934400000000004,stop_loss,-15.644815077970142,-5666.579433417948,0.1252046827582407,-4.88,8.54
23,30d,ZLAB,2025-10-20,2025-10-20,28.308279999999996,2025-10-28,25.601938148571424,stop_loss,-9.740947083334426,-4174.203314187194,0.10211659893491573,-9.64,-29.67
22,30d,SPRY,2025-10-02,2025-10-02,10.1101,2025-10-29,9.0260649,stop_loss,-10.900675519572445,-3498.3968440755707,0.2558564372295761,0.19,-16.39
23,30d,TELA,2025-10-10,2025-10-10,1.5750000000000002,2025-10-29,1.3232821428571429,stop_loss,-16.149954127505143,-2619.1372538757605,0.09809131919301103,-1.33,-20.67
23,30d,ATRC,2025-10-20,2025-10-20,37.64760999999999,2025-10-29,34.87781156142857,stop_loss,-7.542269949558776,-4170.009370346685,0.26966253704366505,-1.43,-7.62
23,30d,GLUE,2025-10-22,2025-10-22,9.629619999999997,2025-10-30,12.986987012999997,take_profit,34.59553946053949,8119.833473643961,0.033506210144966714,18.69,36.99
23,30d,NVO,2025-10-24,2025-10-24,53.46340999999999,2025-10-30,49.90005,stop_loss,-6.851527801164157,-2918.671603847455,0.3860254370150288,-2.87,-14.97
23,30d,AIM,2025-10-29,2025-10-29,2.69994,2025-10-30,2.3310391999999998,stop_loss,-13.83579712804807,-2808.696019714287,0.1773017344934785,-9.54,-31.59
22,30d,TLSA,2025-09-23,2025-09-23,1.9320000000000002,2025-11-04,1.71,horizon_expiry,-11.667525021562279,-2463.8208661036515,0.16911485839240048,8.12,-3.55
23,30d,IOVA,2025-10-30,2025-10-30,2.0895,2025-11-04,1.729882142857143,stop_loss,-17.376126591078894,-3708.6989227018857,0.2308537544571788,-7.61,13.2
23,30d,LUCD,2025-10-30,2025-10-30,1.2915,2025-11-04,1.0968021428571428,stop_loss,-15.24500735700335,-6063.93838090996,0.13407227794426205,-8.26,-16.53
23,30d,MRKR,2025-10-30,2025-10-30,1.0185,2025-11-04,0.8646357142857142,stop_loss,-15.276566480016927,-4247.258548315349,0.06642367850683797,-8.67,19.47
22,30d,VIR,2025-09-24,2025-09-24,5.215209999999999,2025-11-05,5.3946000000000005,horizon_expiry,3.2330736139403826,877.997334293068,0.36709958987588825,8.69,15.44
22,30d,DAWN,2025-10-02,2025-10-02,6.906899999999999,2025-11-05,9.314990685,take_profit,34.59553946053949,12484.531743774001,0.03738528803550965,-6.79,-8.05
23,30d,RXRX,2025-10-07,2025-10-07,5.555549999999999,2025-11-05,4.8337449999999995,stop_loss,-13.16634414536512,-6367.479521224392,0.010557974660357322,-9.2,-24.14
23,30d,AGEN,2025-10-15,2025-10-15,4.0698,2025-11-05,3.561866,stop_loss,-12.65542816316809,-4325.656488737324,0.10411639804648531,10.78,8.77
22,30d,ANGO,2025-09-26,2025-09-26,10.620609999999997,2025-11-07,12.00798,horizon_expiry,12.837097228577596,5987.09551660157,0.36610630138249123,3.07,14.43
22,30d,ALDX,2025-10-01,2025-10-01,5.17517,2025-11-07,4.594952599999999,stop_loss,-11.388961608517677,-3915.84474665012,0.22914572760988722,3.57,-4.7
23,30d,ZYME,2025-10-21,2025-10-21,18.33832,2025-11-07,16.86186982285714,stop_loss,-8.234888619780731,-4889.31655268187,0.14576095755197763,4.53,34.8
24,30d,ANNX,2025-11-06,2025-11-06,3.1416,2025-11-07,2.6043079999999996,stop_loss,-17.268124923205143,-3964.572700701887,0.2654396892602229,3.13,68.75
23,30d,DAWN,2025-10-10,2025-10-10,7.497489999999999,2025-11-10,10.1114898885,take_profit,34.595539460539484,15628.404547847036,0.2842110133707062,8.21,41.31
22,30d,AVIR,2025-09-30,2025-09-30,2.9579999999999997,2025-11-11,3.3124,horizon_expiry,11.757329891204144,5955.306854188893,0.3811544342864025,1.04,13.54
23,30d,SLGL,2025-10-14,2025-10-14,38.038,2025-11-13,28.78119,stop_loss,-24.48686806647266,-4993.817603217332,0.3385744418923632,-4.62,-14.81
22,30d,AYTU,2025-10-03,2025-10-03,2.016,2025-11-14,2.0482,horizon_expiry,1.3942307692307903,555.7179069033955,0.062483972722041856,8.22,0.91
22,30d,ANAB,2025-10-03,2025-10-03,31.611579999999996,2025-11-14,33.78618,horizon_expiry,6.665579970552406,2699.7474210125,0.02168963263384227,5.22,19.14
23,30d,BMEA,2025-10-31,2025-10-31,1.4280000000000002,2025-11-17,1.152119285714286,stop_loss,-19.480577795553778,-6928.351407880997,0.2509823320217007,1.52,-23.48
24,30d,IOVA,2025-11-12,2025-11-12,2.6928,2025-11-19,2.197944,stop_loss,-18.54008825399199,-4928.278895238756,0.1786403211678406,0.41,-8.71
23,30d,AMLX,2025-10-09,2025-10-09,13.483469999999999,2025-11-20,13.55643,horizon_expiry,0.3402256672372,144.25655000768893,0.3322335465980313,-0.49,-14.59
24,30d,NKTX,2025-11-14,2025-11-14,1.974,2025-11-20,1.6466214285714282,stop_loss,-16.751191708855632,-4429.885169374305,0.09132953919826645,-1.1,1.66
24,30d,ANL,2025-11-17,2025-11-17,1.6590000000000003,2025-11-21,1.273,stop_loss,-23.420340961028142,-397.39073602086205,0.13140550773525558,-10.19,5.1
24,30d,TNGX,2025-11-18,2025-11-18,7.7777699999999985,2025-11-24,10.489489510499999,take_profit,34.59553946053947,9029.46971386582,0.3324272207233223,24.68,2.11
24,30d,CGEM,2025-11-19,2025-11-19,8.51851,2025-11-24,11.488488511499998,take_profit,34.595539460539484,8591.838921041654,0.20571813686395998,48.28,11.01
23,30d,UPB,2025-10-14,2025-10-14,20.670649999999995,2025-11-25,27.877472122499995,take_profit,34.5955394605395,11634.811556828783,0.2996618597830897,6.27,7.61
23,30d,TLPH,2025-10-15,2025-10-15,1.1760000000000002,2025-11-26,1.2445,horizon_expiry,5.613391710330489,1175.6833896701683,0.4039356597507985,-0.86,7.76
24,30d,TYRA,2025-11-20,2025-11-20,16.876859999999997,2025-11-28,22.760977239,take_profit,34.59553946053951,11836.747632799517,0.2703518688053451,3.69,20.17
24,30d,VTGN,2025-11-24,2025-11-24,4.743,2025-12-02,3.95094,stop_loss,-16.865991693316165,-4891.614580865851,0.12308187702172804,-5.54,-84.43
24,30d,SRPT,2025-11-20,2025-11-20,16.70669,2025-12-04,22.5314774685,take_profit,34.59553946053948,9977.460236202522,0.10100242067919091,9.38,20.01
24,30d,DAWN,2025-11-06,2025-11-06,9.13913,2025-12-05,8.076416927142857,stop_loss,-11.804731632160518,-4261.13603078909,0.5338897654307618,6.47,-11.2
24,30d,AGEN,2025-11-13,2025-11-13,4.477799999999999,2025-12-05,3.863411999999999,stop_loss,-13.89314183070044,-3513.9098763185793,0.05434497266759905,-2.53,-14.52
23,30d,NUVL,2025-10-24,2025-10-24,92.00190999999998,2025-12-08,107.76213,horizon_expiry,16.89629166280469,2794.7606695572977,0.28482998696993733,5.38,12.1
23,30d,KOD,2025-10-27,2025-10-27,19.22921,2025-12-08,25.9334740665,take_profit,34.595539460539484,4383.048171342072,0.25292864850928853,-3.56,16.6
24,30d,OCUL,2025-11-19,2025-11-19,11.76175,2025-12-08,15.8624841375,take_profit,34.59553946053948,14242.266201707527,0.4988565695912779,3.24,7.17
23,30d,ALEC,2025-10-29,2025-10-29,1.5855000000000001,2025-12-11,1.387,horizon_expiry,-12.694495665167363,-2632.118297854886,0.019039897992664395,-5.26,-12.5
24,30d,OLMA,2025-11-24,2025-11-24,23.23321,2025-12-11,31.333468666500004,take_profit,34.595539460539506,6074.633853533007,0.172713184180293,7.21,5.29
25,30d,RXRX,2025-12-05,2025-12-05,4.9674000000000005,2025-12-12,4.299428000000001,stop_loss,-13.620048027826726,-3099.6161901440755,0.37546299251226345,-1.04,-9.34
24,30d,ORKA,2025-11-03,2025-11-03,28.198169999999998,2025-12-16,28.911060000000003,horizon_expiry,2.323291349600546,514.4814424203687,0.30232856958897003,1.93,7.91
24,30d,FBRX,2025-11-20,2025-11-20,19.019,2025-12-17,25.64997435,take_profit,34.595539460539484,8793.35008160679,0.3046320359567173,8.55,59.27
24,30d,NMRA,2025-11-26,2025-11-26,2.2746,2025-12-17,1.6925199999999998,stop_loss,-25.739103945381974,-4926.207860528637,0.07999534867542868,8.04,-20.54
24,30d,ATXS,2025-11-05,2025-11-05,12.312299999999999,2025-12-18,12.69729,horizon_expiry,2.9208254283179698,614.247607962483,0.3807926608779628,1.45,4.02
25,30d,HOWL,2025-12-09,2025-12-09,1.05,2025-12-18,0.76,stop_loss,-27.763664906522056,-5618.559768099043,0.09257072445124338,-3.74,-41.09
24,30d,NUVB,2025-11-21,2025-11-21,6.94694,2025-12-19,9.368990630999999,take_profit,34.59553946053948,8073.495306548619,0.47022314181542224,8.1,28.74
25,30d,ALT,2025-12-08,2025-12-08,5.355349999999999,2025-12-19,4.4884,stop_loss,-16.355939988382282,-4836.449858402571,0.09994278122891505,-4.35,-24.09
24,30d,DCTH,2025-11-10,2025-11-10,8.8088,2025-12-23,10.109879999999999,horizon_expiry,14.540918621837681,5333.98716463094,0.026176050054162486,-0.12,15.08
25,30d,IPSC,2025-12-18,2025-12-18,0.7129500000000001,2025-12-23,0.9143583750000001,take_profit,27.993756243756263,9300.230447616297,0.3195459254867472,8.82,113.33
25,30d,SCYX,2025-12-19,2025-12-19,0.65205,2025-12-23,0.5719067857142857,stop_loss,-12.466204307375552,-2927.695814286217,0.32725746866370387,-2.84,4.91
25,30d,IOVA,2025-12-03,2025-12-03,2.1828000000000003,2025-12-24,2.8878444000000005,take_profit,32.035664335664336,7222.985381898172,0.33161830411932186,5.0,14.55
25,30d,ENLV,2025-12-10,2025-12-10,1.092,2025-12-24,0.7177928571428573,stop_loss,-34.39938593588512,-10115.804865153183,0.022837763828463878,-10.22,-5.94
24,30d,PBYI,2025-11-12,2025-11-12,5.11511,2025-12-26,6.15384,horizon_expiry,20.066716363570215,4498.529424578035,0.24866148190888251,0.2,18.38
24,30d,ANIK,2025-11-13,2025-11-13,10.030019999999999,2025-12-29,9.52047,horizon_expiry,-5.269898944188713,-2399.9501171982774,0.07570414308253551,-3.2,-4.2
24,30d,HUMA,2025-11-20,2025-11-20,1.2495,2025-12-29,0.9624178571428571,stop_loss,-23.12965631521626,-3526.8016702912882,0.008042211535186264,8.2,-12.3
25,30d,TRDA,2025-12-15,2025-12-15,11.181169999999998,2025-12-29,10.00068787285714,stop_loss,-10.736474997645319,-446.1255375970195,0.27500274789348644,-6.6,-6.95
25,30d,KPRX,2025-12-24,2025-12-24,2.1522,2025-12-29,1.8562185714285713,stop_loss,-13.924828407484032,-1078.9001818441957,0.0618086352197363,-3.05,7.61
24,30d,PGEN,2025-11-14,2025-11-14,3.8556,2025-12-30,4.174799999999999,horizon_expiry,8.062525709584525,1073.5030738249043,0.3090522035197105,-13.88,-22.24
24,30d,VIR,2025-11-14,2025-11-14,5.36536,2025-12-30,5.83416,horizon_expiry,8.520273321144106,2444.707554623452,0.1723205714619986,-0.91,22.4
24,30d,SGHT,2025-11-14,2025-11-14,6.98698,2025-12-30,7.992,horizon_expiry,14.155643325613774,3117.0755758534615,0.08541814528253502,-1.42,18.21
24,30d,XNCR,2025-11-17,2025-11-17,14.9149,2025-12-31,15.294690000000001,horizon_expiry,2.3414919229842686,613.0647810599003,0.3922750616333839,4.49,-1.37
24,30d,INBX,2025-11-17,2025-11-17,79.21914,2025-12-31,78.921,horizon_expiry,-0.5753966979246427,-50.978551092815906,0.315452061029031,4.41,7.09
24,30d,TCRX,2025-11-17,2025-11-17,1.1445,2025-12-31,0.95,horizon_expiry,-17.160166177204182,-4531.897745742524,0.04448462759282326,0.01,-6.21
25,30d,PEPG,2025-12-22,2025-12-22,5.425419999999999,2026-01-02,7.316992682999999,take_profit,34.595539460539484,2489.0634487131056,0.13309644531687825,14.42,1.31
24,30d,AVBP,2025-11-19,2025-11-19,20.110089999999996,2026-01-05,19.51047,horizon_expiry,-3.1755300848576575,-1168.2355010865722,0.7899962116638228,7.23,9.72
25,30d,XNCR,2025-12-02,2025-12-02,16.576559999999997,2026-01-05,14.634339582857141,stop_loss,-11.893057768733941,-3328.2143505457243,0.2387414731398393,2.14,-13.81
25,30d,KURA,2025-12-03,2025-12-03,11.34133,2026-01-05,9.564727127142856,stop_loss,-15.833356553133681,-5115.678309868068,0.27623711202907514,-2.84,-13.73
26,30d,PASG,2025-12-31,2025-12-31,10.460449999999998,2026-01-05,14.107485892499998,take_profit,34.595539460539506,16917.47459562259,0.21568705096423513,37.81,-1.63
24,30d,BOLT,2025-11-20,2025-11-20,4.9266000000000005,2026-01-06,5.87412,horizon_expiry,18.994509326990134,3622.9822661501094,0.2627623035295201,6.75,18.14
25,30d,DRTS,2025-12-08,2025-12-08,4.0086,2026-01-06,5.40619839,take_profit,34.595539460539456,8318.22696076367,0.4186258093263917,20.8,39.48
25,30d,SION,2025-12-23,2025-12-23,42.712669999999996,2026-01-06,37.58390561571427,stop_loss,-12.183403900525619,-2637.831401628806,0.3718152849177399,-2.76,-5.12
25,30d,ALVO,2025-12-26,2025-12-26,5.305299999999999,2026-01-06,4.504863999999999,stop_loss,-15.257133946670834,-3495.071768864618,0.2627834336429181,3.22,7.24
24,30d,OGN,2025-11-21,2025-11-21,7.167159999999999,2026-01-07,8.181809999999999,horizon_expiry,13.92884667389493,4495.225308541536,0.4160036003236457,9.63,-1.13
24,30d,BHVN,2025-11-24,2025-11-24,9.759749999999999,2026-01-08,11.34864,horizon_expiry,16.04769993704139,4018.9860702018777,0.24639769425484168,-0.96,14.88
24,30d,RAPP,2025-11-24,2025-11-24,27.687659999999997,2026-01-08,28.281689999999998,horizon_expiry,1.9413815644699879,145.6918669999286,0.12341779254194654,-0.1,8.22
24,30d,NVO,2025-11-25,2025-11-25,46.02597999999999,2026-01-09,58.75119,horizon_expiry,27.39284422622838,16539.41568594185,0.11783799806725603,-0.57,7.58
24,30d,AKTS,2025-11-26,2026-01-09,27.026999999999997,2026-01-09,25.649974349999997,stop_loss,-5.284620379620372,-1379.2910996947394,0.30290582617632544,0.0,0.0
24,30d,RGNX,2025-11-26,2025-11-26,13.543529999999999,2026-01-12,15.06492,horizon_expiry,11.011089869039049,2777.4447004814137,0.4465453276727145,-5.9,5.75
25,30d,NUVB,2025-12-09,2025-12-09,8.528519999999999,2026-01-12,7.215939694285713,stop_loss,-15.559531637856622,-2559.42352466607,0.5114622777042538,8.55,7.78
25,30d,TENX,2025-12-17,2025-12-17,11.3113,2026-01-13,15.254984745,take_profit,34.59553946053948,7838.999688185322,0.5474398498826263,-2.81,25.2
25,30d,CGEN,2025-12-02,2025-12-02,1.5855000000000001,2026-01-15,2.0976165000000004,take_profit,32.03566433566438,8403.426567268172,0.3251807436259113,-1.27,-1.27
25,30d,KTTA,2025-12-03,2025-12-03,1.26,2026-01-16,0.8797,horizon_expiry,-30.322035107749386,-2079.1286339595126,0.032809558952280285,-2.59,2.59
25,30d,SLN,2025-12-19,2025-12-19,6.23623,2026-01-16,5.207545812857143,stop_loss,-16.662131994516415,-4661.875645953023,0.000899724059505877,-4.81,-19.38
25,30d,KZR,2025-12-05,2025-12-05,6.19619,2026-01-21,6.18381,horizon_expiry,-0.3992011984019662,-71.42830445128129,0.34103448925265806,1.11,-0.16
25,30d,AVIR,2025-12-05,2025-12-05,3.1517999999999997,2026-01-21,3.4495999999999998,horizon_expiry,9.229890611958016,2865.2574525521595,0.25800628089931843,-1.25,6.56
25,30d,ANNX,2025-12-15,2025-12-15,5.0898,2026-01-21,6.864358770000001,take_profit,34.59553946053948,6866.093325953396,0.2943857971431937,8.13,39.17
25,30d,PBYI,2025-12-10,2025-12-10,5.5055,2026-01-26,6.42357,horizon_expiry,16.442388417140954,4226.485538894118,0.13098021490407052,1.57,6.63
25,30d,ZLAB,2025-12-15,2025-12-15,17.69768,2026-01-29,17.23275,horizon_expiry,-2.8216188163141442,-1055.0594752242614,0.29224777764921084,4.18,15.35
26,30d,ZLAB,2025-12-29,2025-12-29,17.68767,2026-02-02,16.165773758571433,stop_loss,-8.786886513019745,-10624.730336863911,0.3868162131671128,2.61,-2.44
26,30d,SRPT,2025-12-29,2025-12-29,21.831809999999997,2026-02-02,19.611878489999995,stop_loss,-10.3478185382137,-2270.503310915563,0.3123612410147419,-1.95,-0.84
25,30d,NVO,2025-12-23,2025-12-23,52.722669999999994,2026-02-03,50.163884472857134,stop_loss,-5.04339607335357,-1376.7498720591757,0.2909345990835737,-2.07,18.4
26,30d,NVO,2025-12-30,2025-12-30,51.57152,2026-02-04,47.90205,stop_loss,-7.3008869849257625,-4763.111460977045,0.3033723069437819,8.31,16.61
24,30d,MANE,2025-11-24,2026-02-04,34.034,2026-02-04,32.299967699999996,stop_loss,-5.284620379620386,-1379.291099694743,0.08519199287953813,0.0,0.0
17,30d,MANE,2025-05-08,2026-02-04,34.034,2026-02-04,32.299967699999996,stop_loss,-5.284620379620384,-2412.1625739084266,0.08239449703129796,0.0,0.0
25,30d,ARTV,2025-12-24,2025-12-24,4.386,2026-02-09,3.6652,horizon_expiry,-16.60107334525938,-1255.1210536181325,0.23522152995390938,5.98,14.35
